{"cameraMode":{"drawMode":0,"name":"Shaded","section":"Shading Mode"},"sceneLighting":false,"audioPlay":false,"sceneViewState":{"m_AlwaysRefresh":false,"showFog":true,"showSkybox":false,"showFlares":true,"showImageEffects":true,"showParticleSystems":true,"showVisualEffectGraphs":true,"m_FxEnabled":true},"in2DMode":false,"pivot":{"x":-1.947860598564148,"y":1.7398966550827027,"z":0.06072765961289406},"rotation":{"x":0.2660868167877197,"y":0.6384956240653992,"z":-0.25088611245155337,"w":0.6771857738494873},"size":1.8386198282241822,"orthographic":true}